Gary Gregory,26201
Niall Pemberton,9661
Allon Mureinik,9208
Benedikt Ritter,3637
Rob Tompkins,3246
Matthew Jason Benson,2459
pascalschumacher,1346
Liel Fridman,1017
Oleg Chubaryov,781
Henri Yandell,721
Sebastian Bazley,512
Peter Verhas,479
Jochen Wiedmann,353
Igor Curdvanovschi,185
Jochen Wiedmann (jwi),181
Tompkins,171
Bruno P. Kinoshita,143
No No,94
Ruslan Sibgatullin,83
RahulNagekar,78
vlcheong,70
Christian Franzen,58
MarkDacek,55
Andrei Troie,49
Michele Preti,47
Sebb,47
contextshuffling,44
Edgar Asatryan,35
Chas Honton,34
Alex Herbert,30
Mariano de Achaval,28
Stzx,27
zgpworking,22
Dominik Schramm,20
Mikko Maunu,18
Gilles Sadowski,16
bbeckercscc,15
amseager,12
geratorres,12
Ethan Wood,12
Eitan Adler,11
emopers,8
scaldingblood@gmail.com,4
Jerry Zhao,4
靳阳,4
